Workbook
Name Slicer_Age: #N/A
Name Slicer_Amount: #N/A
Name Slicer_Branch_ID: #N/A
Name Slicer_Credit_Category: #N/A
Name Slicer_Credit_Score: #N/A
Name Slicer_Customer_ID: #N/A
Name Slicer_Customer_ID1: #N/A
Name Slicer_DTI: #N/A
Name Slicer_Gender: #N/A
Name Slicer_Loan_Amount: #N/A
Name Slicer_Loan_ID: #N/A
Name Slicer_Loan_Product: #N/A
Name Slicer_Region: #N/A
Name Slicer_Target_Deposit_Goal: #N/A
Name Slicer_Transaction_ID: #N/A
Name Slicer_Transaction_Type: #N/A

Sheet Pivot_Analysis
A1: Customer Analysis
A2: Row Labels | B2: Count of Customer_ID | C2: Sum of Credit Score | D2: Sum of Age
A3: Excellent | B3: 165 | C3: 131405 | D3: 7167
A4: Female | B4: 73 | C4: 58250 | D4: 3081
A5: Male | B5: 92 | C5: 73155 | D5: 4086
A6: Fair | B6: 78 | C6: 52640 | D6: 3309
A7: Female | B7: 38 | C7: 25648 | D7: 1530
A8: Male | B8: 40 | C8: 26992 | D8: 1779
A9: Good | B9: 90 | C9: 64888 | D9: 3829
A10: Female | B10: 45 | C10: 32423 | D10: 1973
A11: Male | B11: 45 | C11: 32465 | D11: 1856
A12: Poor | B12: 167 | C12: 99708 | D12: 7104
A13: Female | B13: 82 | C13: 48935 | D13: 3357
A14: Male | B14: 85 | C14: 50773 | D14: 3747
A15: Grand Total | B15: 500 | C15: 348641 | D15: 21409
A19: Loans Portfolio Analysis
B20: Column Labels
B21: Active | E21: Default | H21: Total Sum of Loan Amount | I21: Total Sum of DTI | J21: Total Count of Loan ID
A22: Row Labels | B22: Sum of Loan Amount | C22: Sum of DTI | D22: Count of Loan ID | E22: Sum of Loan Amount | F22: Sum of DTI | G22: Count of Loan ID
A23: Auto Loan | B23: 6985000 | C23: 39.75 | D23: 113 | E23: 1118000 | F23: 6.97 | G23: 19 | H23: 8103000 | I23: 46.72 | J23: 132
A24: Credit Card | B24: 5545000 | C24: 35.48 | D24: 101 | E24: 1777000 | F24: 11.73 | G24: 33 | H24: 7322000 | I24: 47.21 | J24: 134
A25: Mortgage | B25: 4959000 | C25: 33.58 | D25: 96 | E25: 1637000 | F25: 9.01 | G25: 27 | H25: 6596000 | I25: 42.59 | J25: 123
A26: Personal Loan | B26: 4987000 | C26: 31.83 | D26: 93 | E26: 950000 | F26: 6.69 | G26: 18 | H26: 5937000 | I26: 38.52 | J26: 111
A27: Grand Total | B27: 22476000 | C27: 140.64 | D27: 403 | E27: 5482000 | F27: 34.4 | G27: 97 | H27: 27958000 | I27: 175.04 | J27: 500
A30: Transactions& Cash Flow
A31: Row Labels | B31: Count of Transaction ID | C31: Sum of Amount
A32: Deposit | B32: 236 | C32: 5837000
A33: Withdrawal | B33: 264 | C33: 7325000
A34: Grand Total | B34: 500 | C34: 13162000
A37: Branch & Regional Targets
A38: Row Labels | B38: Count of Branch ID | C38: Sum of Target Deposit Goal
A39: East | B39: 1 | C39: 208000000
A40: North | B40: 2 | C40: 830000000
A41: South | B41: 3 | C41: 673000000
A42: West | B42: 4 | C42: 969000000
A43: Grand Total | B43: 10 | C43: 2680000000

Sheet Customer
A1: Customer_ID | B1: Customer Name | C1: Age | D1: Gender | E1: Income Group | F1: Credit Score | G1: Credit Category
A2: C101 | B2: Customer1 | C2: 33 | D2: Male | E2: Medium | F2: 781 | G2: Excellent
A3: C102 | B3: Customer2 | C3: 54 | D3: Male | E3: High | F3: 627 | G3: Poor
A4: C103 | B4: Customer3 | C4: 65 | D4: Male | E4: Low | F4: 792 | G4: Excellent
A5: C104 | B5: Customer4 | C5: 58 | D5: Male | E5: High | F5: 755 | G5: Excellent
A6: C105 | B6: Customer5 | C6: 57 | D6: Male | E6: Medium | F6: 661 | G6: Fair
A7: C106 | B7: Customer6 | C7: 29 | D7: Female | E7: Medium | F7: 630 | G7: Poor
A8: C107 | B8: Customer7 | C8: 51 | D8: Female | E8: Low | F8: 604 | G8: Poor
A9: C108 | B9: Customer8 | C9: 47 | D9: Male | E9: Medium | F9: 821 | G9: Excellent
A10: C109 | B10: Customer9 | C10: 42 | D10: Female | E10: Low | F10: 728 | G10: Good
A11: C110 | B11: Customer10 | C11: 35 | D11: Male | E11: Low | F11: 618 | G11: Poor
A12: C111 | B12: Customer11 | C12: 25 | D12: Female | E12: Medium | F12: 572 | G12: Poor
A13: C112 | B13: Customer12 | C13: 24 | D13: Female | E13: Medium | F13: 552 | G13: Poor
... A501: C600 | B501: Customer500 | C501: 21 | D501: Female | E501: High | F501: 836 | G501: Excellent

Sheet Loans
A1: Loan ID | B1: Customer ID | C1: Branch ID | D1: Loan Product | E1: Loan Amount | F1: DTI | G1: Loan Status | H1: Default Flag
A2: L1001 | B2: C306 | C2: B0007 | D2: Credit Card | E2: 63000 | F2: 0.41 | G2: Active | H2: 0
A3: L1002 | B3: C123 | C3: B0005 | D3: Auto Loan | E3: 63000 | F3: 0.37 | G3: Active | H3: 0
A4: L1003 | B4: C190 | C4: B0002 | D4: Credit Card | E4: 58000 | F4: 0.31 | G4: Active | H4: 0
A5: L1004 | B5: C486 | C5: B0009 | D5: Personal Loan | E5: 98000 | F5: 0.36 | G5: Default | H5: 1
A6: L1005 | B6: C455 | C6: B0003 | D6: Mortgage | E6: 63000 | F6: 0.49 | G6: Active | H6: 0
A7: L1006 | B7: C452 | C7: B0001 | D7: Mortgage | E7: 77000 | F7: 0.21 | G7: Active | H7: 0
A8: L1007 | B8: C102 | C8: B0007 | D8: Personal Loan | E8: 10000 | F8: 0.38 | G8: Active | H8: 0
A9: L1008 | B9: C513 | C9: B0007 | D9: Mortgage | E9: 81000 | F9: 0.4 | G9: Active | H9: 0
A10: L1009 | B10: C255 | C10: B0007 | D10: Personal Loan | E10: 49000 | F10: 0.21 | G10: Active | H10: 0
A11: L1010 | B11: C155 | C11: B0007 | D11: Personal Loan | E11: 52000 | F11: 0.33 | G11: Active | H11: 0
A12: L1011 | B12: C166 | C12: B0003 | D12: Personal Loan | E12: 84000 | F12: 0.24 | G12: Active | H12: 0
A13: L1012 | B13: C139 | C13: B0001 | D13: Mortgage | E13: 96000 | F13: 0.43 | G13: Active | H13: 0
... A501: L1500 | B501: C529 | C501: B0008 | D501: Personal Loan | E501: 88000 | F501: 0.25 | G501: Active | H501: 0

Sheet Transactions
A1: Transaction ID | B1: Customer ID | C1: Branch ID | D1: Transaction Date | E1: Transaction Type | F1: Amount
A2: T5001 | B2: C354 | C2: B0005 | D2: 46094 | E2: Deposit | F2: 17000
A3: T5002 | B3: C215 | C3: B0008 | D3: 46073 | E3: Deposit | F3: 21000
A4: T5003 | B4: C475 | C4: B0004 | D4: 46062 | E4: Withdrawal | F4: 26000
A5: T5004 | B5: C311 | C5: B0007 | D5: 46065 | E5: Deposit | F5: 22000
A6: T5005 | B6: C532 | C6: B0007 | D6: 46036 | E6: Deposit | F6: 16000
A7: T5006 | B7: C314 | C7: B0009 | D7: 46144 | E7: Withdrawal | F7: 50000
A8: T5007 | B8: C192 | C8: B0006 | D8: 46147 | E8: Deposit | F8: 49000
A9: T5008 | B9: C264 | C9: B0001 | D9: 46120 | E9: Withdrawal | F9: 30000
A10: T5009 | B10: C324 | C10: B0006 | D10: 46054 | E10: Withdrawal | F10: 39000
A11: T5010 | B11: C384 | C11: B0008 | D11: 46042 | E11: Deposit | F11: 11000
A12: T5011 | B12: C143 | C12: B0001 | D12: 46184 | E12: Withdrawal | F12: 37000
A13: T5012 | B13: C376 | C13: B0002 | D13: 46115 | E13: Deposit | F13: 12000
... A501: T5500 | B501: C102 | C501: B0003 | D501: 46177 | E501: Deposit | F501: 22000

Sheet Branches
A1: Branch ID | B1: Branch Name | C1: Region | D1: Target Deposit Goal
A2: B001 | B2: Branch1 | C2: East | D2: 208000000
A3: B002 | B3: Branch2 | C3: West | D3: 239000000
A4: B003 | B4: Branch3 | C4: South | D4: 202000000
A5: B004 | B5: Branch4 | C5: West | D5: 232000000
A6: B005 | B6: Branch5 | C6: South | D6: 350000000
A7: B006 | B7: Branch6 | C7: West | D7: 244000000
A8: B007 | B8: Branch7 | C8: North | D8: 499000000
A9: B008 | B9: Branch8 | C9: West | D9: 254000000
A10: B009 | B10: Branch9 | C10: North | D10: 331000000
A11: B010 | B11: Branch10 | C11: South | D11: 121000000

Sheet Dashboard
A1: Executive Metrics
A2: Total Customers | F2: Default Rate | J2: Average Credit Score | N2: Average DTI Active Loan | R2: Average DTI Default Loan
A3: =GETPIVOTDATA("Sum of Loan Amount",Pivot_Analysis!$A$20,"Loan Status","Active") -> 22476000 | F3: =GETPIVOTDATA("Sum of Loan Amount",Pivot_Analysis!$A$20,"Loan Status","Default") -> 5482000 | J3: =GETPIVOTDATA("Sum of Credit Score",Pivot_Analysis!$A$2) -> 348641 | N3: =GETPIVOTDATA("Sum of DTI",Pivot_Analysis!$A$20,"Loan Status","Active") -> 140.64 | R3: =GETPIVOTDATA("Sum of DTI",Pivot_Analysis!$A$20,"Loan Status","Default") -> 34.4
A5: Default Rate | B5: =COUNTIF(Loans!G2:G501, "Default")/COUNTA(Loans!A2:A501) -> 0.194
A6: Total Deposits | B6: =SUMIF(Transactions!E2:E501,"Deposit", Transactions!F2:F501) -> 5837000 | G6: Deposit Transaction | K6: Withdrawal Transaction | O6: Total Transaction | S6: Target Deposit Goal
A7: Total Withdrawals | B7: =SUMIF(Transactions!E2:E501, "Withdrawal", Transactions!F2:F501) -> 7325000 | G7: =GETPIVOTDATA("Sum of Amount",Pivot_Analysis!$A$31,"Transaction Type","Deposit") -> 5837000 | K7: =GETPIVOTDATA("Sum of Amount",Pivot_Analysis!$A$31,"Transaction Type","Withdrawal") -> 7325000 | O7: =GETPIVOTDATA("Sum of Amount",Pivot_Analysis!$A$31) -> 13162000 | S7: =GETPIVOTDATA("Sum of Target Deposit Goal",Pivot_Analysis!$A$38) -> 2680000000
A9: Branch ID | B9: Branch Name | C9: Total Loans | D9: Total Deposits | E9: Goal Attainment
A10: =Branches!A2 -> B001 | B10: =Branches!B2 -> Branch1 | C10: =SUMIF(Loans!C$2:C$501, A10, Loans!E$2:E$501) -> 0 | D10: =SUMIFS(Transactions!F$2:F$501, Transactions!C$2:C$501, A10, Transactions!E$2:E$501, "Deposit") -> 0 | E10: =D10/Branches!D2 -> 0
A11: =Branches!A3 -> B002 | B11: =Branches!B3 -> Branch2 | C11: =SUMIF(Loans!C$2:C$501, A11, Loans!E$2:E$501) -> 0 | D11: =SUMIFS(Transactions!F$2:F$501, Transactions!C$2:C$501, A11, Transactions!E$2:E$501, "Deposit") -> 0 | E11: =D11/Branches!D3 -> 0
A12: =Branches!A4 -> B003 | B12: =Branches!B4 -> Branch3 | C12: =SUMIF(Loans!C$2:C$501, A12, Loans!E$2:E$501) -> 0 | D12: =SUMIFS(Transactions!F$2:F$501, Transactions!C$2:C$501, A12, Transactions!E$2:E$501, "Deposit") -> 0 | E12: =D12/Branches!D4 -> 0
A13: =Branches!A5 -> B004 | B13: =Branches!B5 -> Branch4 | C13: =SUMIF(Loans!C$2:C$501, A13, Loans!E$2:E$501) -> 0 | D13: =SUMIFS(Transactions!F$2:F$501, Transactions!C$2:C$501, A13, Transactions!E$2:E$501, "Deposit") -> 0 | E13: =D13/Branches!D5 -> 0
A14: =Branches!A6 -> B005 | B14: =Branches!B6 -> Branch5 | C14: =SUMIF(Loans!C$2:C$501, A14, Loans!E$2:E$501) -> 0 | D14: =SUMIFS(Transactions!F$2:F$501, Transactions!C$2:C$501, A14, Transactions!E$2:E$501, "Deposit") -> 0 | E14: =D14/Branches!D6 -> 0
A15: =Branches!A7 -> B006 | B15: =Branches!B7 -> Branch6 | C15: =SUMIF(Loans!C$2:C$501, A15, Loans!E$2:E$501) -> 0 | D15: =SUMIFS(Transactions!F$2:F$501, Transactions!C$2:C$501, A15, Transactions!E$2:E$501, "Deposit") -> 0 | E15: =D15/Branches!D7 -> 0
A16: =Branches!A8 -> B007 | B16: =Branches!B8 -> Branch7 | C16: =SUMIF(Loans!C$2:C$501, A16, Loans!E$2:E$501) -> 0 | D16: =SUMIFS(Transactions!F$2:F$501, Transactions!C$2:C$501, A16, Transactions!E$2:E$501, "Deposit") -> 0 | E16: =D16/Branches!D8 -> 0
A17: =Branches!A9 -> B008 | B17: =Branches!B9 -> Branch8 | C17: =SUMIF(Loans!C$2:C$501, A17, Loans!E$2:E$501) -> 0 | D17: =SUMIFS(Transactions!F$2:F$501, Transactions!C$2:C$501, A17, Transactions!E$2:E$501, "Deposit") -> 0 | E17: =D17/Branches!D9 -> 0
A18: =Branches!A10 -> B009 | B18: =Branches!B10 -> Branch9 | C18: =SUMIF(Loans!C$2:C$501, A18, Loans!E$2:E$501) -> 0 | D18: =SUMIFS(Transactions!F$2:F$501, Transactions!C$2:C$501, A18, Transactions!E$2:E$501, "Deposit") -> 0 | E18: =D18/Branches!D10 -> 0
A19: =Branches!A11 -> B010 | B19: =Branches!B11 -> Branch10 | C19: =SUMIF(Loans!C$2:C$501, A19, Loans!E$2:E$501) -> 0 | D19: =SUMIFS(Transactions!F$2:F$501, Transactions!C$2:C$501, A19, Transactions!E$2:E$501, "Deposit") -> 0 | E19: =D19/Branches!D11 -> 0
